Personality Traits,Tourism Category,Travel Motivation,Travelling Concerns,Location,Place ID,,
Extraversion,Adrenaline Activities,,Uniqueness & Exoticness,Sky Deck KL Tower,ChIJ2bGhHitIzDERu5AcQE6tHhg,,
Extraversion,Wild Nature Activities,,Uniqueness & Exoticness,Taman Negara National Park,ChIJj2n_9tCYyTERh0_RwmJa6ZA,,
Extraversion,"Party, Music & Nightlife",,Uniqueness & Exoticness,SkyBar,ChIJtYUqqdM3zDERoeZmz29cmf0,,
Extraversion,"Sun, Water & Sand",,Uniqueness & Exoticness,Kapas Island,ChIJF9NOrmLrtzERZGhS8wzg4Oo,,
Extraversion,Theme & Animal Parks,,Uniqueness & Exoticness,ESCAPE Penang,ChIJdd8lXaTDSjARYLK8T3hGW-U,,
Extraversion,Sports & Games,,Uniqueness & Exoticness,Sport Fishing Asia | Kuala Rompin Sailfish Charter,ChIJKQnQTSmJzzERfSUWvuDubMc,,
Extraversion,Gastronomy Events,,Uniqueness & Exoticness,Jalan Alor Night Food Street,ChIJWV51lvU3zDERCyHo6Gi0cQo,,
Extraversion,Health & Well-being,,Uniqueness & Exoticness,The Banjaran Hotsprings Retreat,ChIJb3e2nqryyjER2Q6ex7ccnh4,,
Extraversion,Natural Phenomena,,Uniqueness & Exoticness,Batu Caves,ChIJBahJiQxHzDER-Z5vs7Lrv_I,,
Extraversion,Adrenaline Activities,,Uniqueness & Exoticness,Awana SkyWay (SkyAvenue Station),ChIJuTy0qwEUzDER1RAoi-QyA-0,,
Extraversion,Wild Nature Activities,,Uniqueness & Exoticness,Mossy Forest,ChIJo9L1sORYyjERRIwZ7lvUuEU,,
Extraversion,"Party, Music & Nightlife",,Uniqueness & Exoticness,Zouk Kuala Lumpur,ChIJ4TOwR9Y3zDERsbT3J3XygCY,,
Extraversion,"Sun, Water & Sand",,Uniqueness & Exoticness,Langkawi Island,ChIJ841F8w95TDAREXHzdRCifyo,,
Extraversion,Theme & Animal Parks,,Uniqueness & Exoticness,Genting SkyWorlds Theme Park,ChIJdT5P3AAUzDERy1xSx2I8xB4,,
Extraversion,Sports & Games,,Uniqueness & Exoticness,Paya Indah Wetlands,ChIJJ3O0Eji4zTERCOvcseuVnnA,,
Extraversion,Gastronomy Events,,Uniqueness & Exoticness,Gaya Street Market,ChIJtTcGh49pOzIRbVb66G8asPs,,
Extraversion,Health & Well-being,,Uniqueness & Exoticness,The Datai Langkawi,ChIJWXZGfiJxTDAR84FmKVf47oI,,
Extraversion,Natural Phenomena,,Uniqueness & Exoticness,Deer Cave,ChIJUXdq5GT-GDIRkzRFVWuPMM8,,
Extraversion,Adrenaline Activities,,Uniqueness & Exoticness,SKYTREX Adventure Langkawi,ChIJz7O4JR13TDARjbbHcj4DLqw,,
Extraversion,Wild Nature Activities,,Uniqueness & Exoticness,Gunung Mulu National Park,ChIJHZzYUbYDGTIRKZ8z74xqVcw,,
Extraversion,"Party, Music & Nightlife",,Uniqueness & Exoticness,George Town Literary Festival,ChIJW2RydCzDSjARsveCaVAMCnI,,
Extraversion,"Sun, Water & Sand",,Uniqueness & Exoticness,Mabul Island,ChIJVXb0PfNMFTIRVYLSM1s8wyk,,
Extraversion,Theme & Animal Parks,,Uniqueness & Exoticness,Aquaria KLCC,ChIJM5cxndM3zDER7WuP_cN-omg,,
Extraversion,Sports & Games,,Uniqueness & Exoticness,SkyCasino,ChIJ67ktsREVzDERqyfhH8BKfOY,,
Extraversion,Gastronomy Events,,Uniqueness & Exoticness,Padang Matsirat Night Market - Sunday,ChIJ4Zf0Fyx4TDARjTODBqghtF0,,
Extraversion,Health & Well-being,,Uniqueness & Exoticness,Spa Village Pangkor Laut,ChIJu_GAVAfDSjAR_Xzxt3UoEVg,,
Extraversion,Natural Phenomena,,Uniqueness & Exoticness,Gua Tempurung,ChIJLXS42xT7yjERos4Leo07sKw,,
Extraversion,Adrenaline Activities,,Uniqueness & Exoticness,Gopeng White Water Rafting - Adrenaline Ventures,ChIJ4UoBbwn7yjERUc0diGiG1TE,,
Extraversion,Wild Nature Activities,,Uniqueness & Exoticness,Bako National Park Carpark and Boat Jetty,ChIJSd85kHSs-zERi0a0M8Ss-7Y,,
Extraversion,"Party, Music & Nightlife",,Uniqueness & Exoticness,MATHAF Malaysia - Thailand Halal Food Festival,ChIJ28ob1w43zDER1et8x-twmOc,,
Extraversion,"Sun, Water & Sand",,Uniqueness & Exoticness,Batu Ferringhi Beach,ChIJ7UncVgjoSjARkKYoZ2QZCCk,,
Extraversion,Theme & Animal Parks,,Uniqueness & Exoticness,Lost World of Tambun,ChIJ35wnylvtyjERLbv82zwlikA,,
Extraversion,Sports & Games,,Uniqueness & Exoticness,National Stadium Bukit Jalil,ChIJRd6Qa5ZKzDERpnaQSpbCpDk,,
Extraversion,Gastronomy Events,,Uniqueness & Exoticness,Jonker Street Night Market,ChIJoRLcf9vx0TER1Pvh6N7VIco,,
Extraversion,Health & Well-being,,Uniqueness & Exoticness,The Chateau Spa & Wellness Resort,ChIJ6-HeNitIzDER6dHUj8EzUfA,,
Extraversion,Natural Phenomena,,Uniqueness & Exoticness,Barracuda Point,ChIJ____z_80FTIRKkvKVuF4pro,,
Extraversion,Adrenaline Activities,,Uniqueness & Exoticness,Sunway Lagoon,ChIJJTHt3YhMzDERvM3wesdMZds,,
Extraversion,Wild Nature Activities,,Uniqueness & Exoticness,Kilim River Tourism Jetty,ChIJcei-0Cx8TDARCoOp8m_G6do,,
Extraversion,"Party, Music & Nightlife",,Uniqueness & Exoticness,Pahlawan Walk Night Market,ChIJU6ujwubx0TERkO5yIO7sZaQ,,
Extraversion,"Sun, Water & Sand",,Uniqueness & Exoticness,Pantai Tusan Bekenu,ChIJQ-sxjWZIHzIRbDZPBS_UM6s,,
Extraversion,Theme & Animal Parks,,Uniqueness & Exoticness,Langkawi Wildlife Park,ChIJ0YoGsnx-TDAR7EHhgtrtkLY,,
Extraversion,Sports & Games,,Uniqueness & Exoticness,Penn Endurance & Equestrian Club a.k.a Pahang International Endurance Park,ChIJNVJaQe2ayDERJR6oHxgBuXg,,
Extraversion,Gastronomy Events,,Uniqueness & Exoticness,Penang International Food Festival (PIFF),ChIJfa44pqbDSjARmQLnBv8AqLY,,
Extraversion,Health & Well-being,,Uniqueness & Exoticness,One&Only Desaru Coast,ChIJi0FYI0hL2jER_u936hhD6nY,,
Extraversion,Natural Phenomena,,Uniqueness & Exoticness,Lata Kinjang Falls,ChIJc3OtBfYByzERvIok_hMCAzo,,
Extraversion,Adrenaline Activities,,Uniqueness & Exoticness,ATV Adventure Park Kuala Lumpur,ChIJfxaAH7k5zDERpHKd-9cjJJw,,
Extraversion,Wild Nature Activities,,Uniqueness & Exoticness,Fraser’s Hill (Bukit Fraser),ChIJR051gOT0yzER3Oa5Z6IlRd8,,
Extraversion,"Party, Music & Nightlife",,Uniqueness & Exoticness,Changkat Avenue,ChIJJY55Qyo2zDERNq-yid47cH4,,
Extraversion,"Sun, Water & Sand",,Uniqueness & Exoticness,Tunku Abdul Rahman Marine Park,ChIJbTsNMTZCOzIR7u32rdFQQmo,,
Extraversion,Theme & Animal Parks,,Uniqueness & Exoticness,Borneo Sun Bear Conservation Centre (BSBCC),ChIJXdLunvLYODIRkkLYNdHQOF0,,
Extraversion,Sports & Games,,Uniqueness & Exoticness,Royal Langkawi Yacht Club,ChIJteNneOKBSzAR8OvZO2Z_MGE,,
Extraversion,Gastronomy Events,,Uniqueness & Exoticness,Gerbang Malam Ipoh,ChIJ_xS0mgXtyjERCmslq5PISZI,,
Extraversion,Health & Well-being,,Uniqueness & Exoticness,Spa Village Malacca,ChIJdfzrK9jx0TERg9JHJF_kXRA,,
Extraversion,Natural Phenomena,,Uniqueness & Exoticness,Fairy Caves,ChIJn38e5pdt-zER_lGRIiX5u9M,,
Extraversion,Adrenaline Activities,,Uniqueness & Exoticness,Bungy Jump @ Sunway Lagoon,ChIJI6h7fIZMzDERH0fibNvbgZc,,
Extraversion,Wild Nature Activities,,Uniqueness & Exoticness,Banding Island,ChIJvcnySq4AtTERkb0qU9e_yhY,,
Extraversion,"Party, Music & Nightlife",,Uniqueness & Exoticness,JungleBird,ChIJubZVHQNJzDERI9fwsWXRq1s,,
Extraversion,"Sun, Water & Sand",,Uniqueness & Exoticness,Pakej Pulau Semporna,ChIJQ8v2x47_PzIRRIMBYAoQgW0,,
Extraversion,Theme & Animal Parks,,Uniqueness & Exoticness,Crocodile Adventureland Langkawi,ChIJDx9pYYp7TDARxOAA7hlB5r8,,
Extraversion,Sports & Games,,Uniqueness & Exoticness,Water Rafting Kuala Kubu Bahru by PROJEK OUTDOOR,ChIJRcKUE7RzzDERU73eABODFzY,,
Extraversion,Gastronomy Events,,Uniqueness & Exoticness,DurianBB Park,ChIJNxUAFy42zDERNOxLhR_XuzA,,
Extraversion,Health & Well-being,,Uniqueness & Exoticness,The Westin Langkawi Resort & Spa,ChIJf0JJETuGSzAR8jTD6JWZpsc,,
Extraversion,Natural Phenomena,,Uniqueness & Exoticness,Lata Berkoh,ChIJw5tFnjCZyTERA58wyV0WIuo,,
Extraversion,Adrenaline Activities,,Uniqueness & Exoticness,Bukit Jugra Paragliding Park,ChIJlzIHUommzTERwYa1yPnhFws,,
Extraversion,Wild Nature Activities,,Uniqueness & Exoticness,"Gunung Ledang, Mount Ophir",ChIJ8zBT-jrY0TERyl55vDw7_yc,,
Extraversion,"Party, Music & Nightlife",,Uniqueness & Exoticness,TREC Kuala Lumpur,ChIJ60rSYTo2zDERFnjGlXrU6ks,,
Extraversion,"Sun, Water & Sand",,Uniqueness & Exoticness,Desaru Beach,ChIJ7SBnP15L2jERpcX8xmWrDeg,,
Extraversion,Theme & Animal Parks,,Uniqueness & Exoticness,Melaka Wonderland Theme Park & Resort,ChIJTea-Pg_l0TER38wU1pYkWSk,,
Extraversion,Sports & Games,,Uniqueness & Exoticness,Arena Larkin Indoor Stadium,ChIJ7ee-m2xt2jERcWc1Uxv_xXk,,
Extraversion,Gastronomy Events,,Uniqueness & Exoticness,Petaling Street Market,ChIJRVe3rdFJzDER_fqRQvv39qk,,
Extraversion,Health & Well-being,,Uniqueness & Exoticness,V Integrated,ChIJKYRqzR1xTDAR3v9SSeNL-OU,,
Extraversion,Natural Phenomena,,Uniqueness & Exoticness,Bagan Sungai Burong Blue Tear,ChIJiXYy3b1fyzERgBS4Pt_RW8Q,,
Extraversion,Adrenaline Activities,,Uniqueness & Exoticness,Gua Damai Extreme Park,ChIJsRZfSQ1HzDER26CWooyIC4Y,,
Extraversion,Wild Nature Activities,,Uniqueness & Exoticness,"Tabin Wildlife Resort Lahad Datu, Sabah.",ChIJYaIwNbN6PzIRMk-eewMri0c,,
Extraversion,"Party, Music & Nightlife",,Uniqueness & Exoticness,The Rabbit Hole,ChIJXyrddio2zDERP8WPwaXwvZ8,,
Extraversion,"Sun, Water & Sand",,Uniqueness & Exoticness,Tioman Island,ChIJV3Z-NnIcxTERzaV2jGsWIC0,,
Extraversion,Theme & Animal Parks,,Uniqueness & Exoticness,Adventure Waterpark Desaru Coast,ChIJ_6p1GGhL2jERRGGRY1eS4mA,,
Extraversion,Sports & Games,,Uniqueness & Exoticness,District 21,ChIJiyzaKwzKzTERHIMS7gjCga4,,
Extraversion,Gastronomy Events,,Uniqueness & Exoticness,Tek Sen Restaurant,ChIJcz51qZHDSjAR6hZjyFA1Sus,,
Extraversion,Health & Well-being,,Uniqueness & Exoticness,"Rebak Island Resort & Marina, Langkawi",ChIJm6lXBLGJSzARGrsf5ulHNP0,,
Extraversion,Natural Phenomena,,Uniqueness & Exoticness,NYC Tour Sky Mirror Kuala Selangor,ChIJ_ZSYVVTzzDERnUG17uplud8,,
Extraversion,Adrenaline Activities,,Uniqueness & Exoticness,Flyboard Malaysia,ChIJsXVuoqS3zTEREU9m1ohIyiY,,
Extraversion,Wild Nature Activities,,Uniqueness & Exoticness,Bukit Tabur,ChIJfV15Hvw4zDERbMIvzVe1CjM,,
Extraversion,"Party, Music & Nightlife",,Uniqueness & Exoticness,Asgard Club @ Roof,ChIJd0Op7DhJzDERFHtirubtxrA,,
Extraversion,"Sun, Water & Sand",,Uniqueness & Exoticness,Perhentian Islands,ChIJQXftrAHBtjERetdOB749vII,,
Extraversion,Theme & Animal Parks,,Uniqueness & Exoticness,Euro Fun Park,ChIJ01oZPDtHzDERgnevfS7SYQM,,
Extraversion,Sports & Games,,Uniqueness & Exoticness,Rainforest World Music Festival,ChIJj1_ZMx7_-jERtptyUs7XvEU,,
Extraversion,Gastronomy Events,,Uniqueness & Exoticness,Tanjung Rhu Floating Restaurant & Fishfarm,ChIJ-2p5FJV8TDARsNsFR0AiO-s,,
Extraversion,Health & Well-being,,Uniqueness & Exoticness,Avani Sepang Goldcoast Resort,ChIJ-6dxOVWTzTERp9CI5_UqsY4,,
Extraversion,Natural Phenomena,,Uniqueness & Exoticness,Lembing Rainbow Waterfall,ChIJJQR2z_7cyDERzjW5HefQJ2A,,
Conscientiousness,Adrenaline Activities,,Cultural & Learning Experiences,Mount Kinabalu,ChIJyySSXlaiOzIRXsCpwP7DgSI,,
Conscientiousness,Wild Nature Activities,,Cultural & Learning Experiences,Rafflesia Information Centre,ChIJy0lebmZ-OzIRNqWM_6e7T9A,,
Conscientiousness,"Party, Music & Nightlife",,Cultural & Learning Experiences,Istana Budaya,ChIJsRvr8B5IzDER7-59jlkq9ko,,
Conscientiousness,"Museums, BoatTrips & Viewpoints",,Cultural & Learning Experiences,Islamic Arts Museum Malaysia,ChIJq6qqqslJzDERi7V1y0B-5Xw,,
Conscientiousness,Sports & Games,,Cultural & Learning Experiences,Muzium Marin Labuan,ChIJWekTe8MYIzIRJZeS2f_ZRk8,,
Conscientiousness,Natural Phenomena,,Cultural & Learning Experiences,Sky Mirror - Kuala Selangor,ChIJj3XSGGjwzDER4SrFQw04fvk,,
Conscientiousness,Adrenaline Activities,,Familiarity,Myballoon Adventure,ChIJW18lQAxKzDERZuvZAU5gKcI,,
Conscientiousness,Wild Nature Activities,,Familiarity,Danum Valley Conservation Area,ChIJEQrZkddaPjIRG01vX67gP8Q,,
Conscientiousness,"Party, Music & Nightlife",,Familiarity,Simply Jazz by Tin Box,ChIJnUjqwG1JzDERtzs4gSn3TXo,,
Conscientiousness,"Museums, BoatTrips & Viewpoints",,Familiarity,Langkawi Mangrove Tour,ChIJoRj3PNN9TDARzptdrp0mGBQ,,
Conscientiousness,Sports & Games,,Familiarity,Stars Archery @ Sunway Pyramid,ChIJUxI_YYdMzDERs0x-YD4fByg,,
Conscientiousness,Natural Phenomena,,Familiarity,Sky Mirror Jetty Sasaran,ChIJ6ffw6dr3zDERXZau5Zt2zKk,,
Conscientiousness,Adrenaline Activities,,Cultural & Learning Experiences,Langkawi Skybridge Cable Car,ChIJAd9TL-F2TDARfrojfQscVeI,,
Conscientiousness,Wild Nature Activities,,Cultural & Learning Experiences,Kenyir Elephant Conservation Village,ChIJuSDMFjAztjEROT7MdsPqozk,,
Conscientiousness,"Party, Music & Nightlife",,Cultural & Learning Experiences,Freedom Lawn Area KL.,ChIJ4V2d7nJJzDERRbg5VgLUYAk,,
Conscientiousness,"Museums, BoatTrips & Viewpoints",,Cultural & Learning Experiences,Bank Negara Malaysia Museum and Art Gallery,ChIJnWvAPjFIzDERoFfk1RGfzqc,,
Conscientiousness,Sports & Games,,Cultural & Learning Experiences,Museum of Traditional Games (Muzium Permainan Tradisional),ChIJl4kZdxjzzDER3qCcI4ec0Zs,,
Conscientiousness,Natural Phenomena,,Cultural & Learning Experiences,Maliau Basin Conservation Area,ChIJQ6En9vPBPTIRh-kc3bh8JGs,,
Conscientiousness,Adrenaline Activities,,Familiarity,SKYTREX Adventure Melaka,ChIJtSLYWgDl0TERGIF-BupFx2s,,
Conscientiousness,Wild Nature Activities,,Familiarity,Riverside Janda Baik,ChIJPxvtPG89zDER2t9x3f0fcGE,,
Conscientiousness,"Party, Music & Nightlife",,Familiarity,Jao Tim,ChIJJZbJ8NBJzDERb9JhvTrso80,,
Conscientiousness,"Museums, BoatTrips & Viewpoints",,Familiarity,Cruise Tasik Putrajaya,ChIJ2xqE4T22zTERWLus9fYLJwU,,
Conscientiousness,Sports & Games,,Familiarity,The Royal Selangor Golf Club,ChIJByCFeDY2zDERcQABICBdzz4,,
Conscientiousness,Natural Phenomena,,Familiarity,Kawa Star Jetty 卡瓦之星 (Kawa-Kawa River Cruise),ChIJMV0eIC1ZOjIR5vs6QJ83Als,,
Conscientiousness,Adrenaline Activities,,Cultural & Learning Experiences,Mountain Kinabalu Via Ferrata (Lows Peak Circuit),ChIJtxLYxJqYOzIREqUs4QeatF8,,
Conscientiousness,Wild Nature Activities,,Cultural & Learning Experiences,Bako National Park Customer Service Centre,ChIJd1pLHwCt-zERumQiNwJUksE,,
Conscientiousness,"Party, Music & Nightlife",,Cultural & Learning Experiences,Dewan Filharmonik PETRONAS,ChIJiXsntdY3zDERc7ynCVTzecM,,
Conscientiousness,"Museums, BoatTrips & Viewpoints",,Cultural & Learning Experiences,Penang Peranakan Mansion,ChIJCWvz3I_DSjAR5hveCXjdfIs,,
Conscientiousness,Sports & Games,,Cultural & Learning Experiences,Equestrian Park Putrajaya,ChIJq6qqqpe3zTERfeZmLztrFBY,,
Conscientiousness,Natural Phenomena,,Cultural & Learning Experiences,Kelam Cave,ChIJkagyqDLrTDARg_FYNlTR3SM,,
Conscientiousness,Adrenaline Activities,,Familiarity,Berjaya Dive Center & Sea's Sports,ChIJa_TZJdobxTERwV5WiqcfgaY,,
Conscientiousness,Wild Nature Activities,,Familiarity,Taman Negara Johor Gunung Ledang (Lagenda),ChIJY0UmD2DX0TERxmOwaNtGUr0,,
Conscientiousness,"Party, Music & Nightlife",,Familiarity,Marini’s on 57,ChIJY0pAodY3zDERpLoOdZbQ0UM,,
Conscientiousness,"Museums, BoatTrips & Viewpoints",,Familiarity,Mari Mari Cultural Village,ChIJBz9ZrIhpOzIRG6BIRQ4WRDs,,
Conscientiousness,Sports & Games,,Familiarity,Kenyir Sport Fishing Recreation Center (KSRC),ChIJBTJqONIztjERwvJt9MPvcVA,,
Conscientiousness,Natural Phenomena,,Familiarity,Air Terjun Lata Berangin,ChIJQ6vkqu1ltjERSOahn_TMCt4,,
Conscientiousness,Adrenaline Activities,,Cultural & Learning Experiences,Pulau Payar Marine Park,ChIJe9jMqX5_TDARRHCGeNqKMLA,,
Conscientiousness,Wild Nature Activities,,Cultural & Learning Experiences,Tabin Wildlife Reserve,ChIJ2zBP9cedQDIRVV7I1WKA3BU,,
Conscientiousness,"Party, Music & Nightlife",,Cultural & Learning Experiences,"Penang International Food Festival (PIFF), Taste of Penang (TOP)",ChIJfa44pqbDSjARmQLnBv8AqLY,,
Conscientiousness,"Museums, BoatTrips & Viewpoints",,Cultural & Learning Experiences,Royal Selangor Visitor Centre,ChIJ380v_Rs4zDERg-ayesQ7RaY,,
Conscientiousness,Sports & Games,,Cultural & Learning Experiences,Awana Genting Highlands Golf Course,ChIJKUUavTsUzDERoQOkSB0MMP4,,
Conscientiousness,Natural Phenomena,,Cultural & Learning Experiences,Madai Caves,ChIJKx1Dx3jBPzIRX1KKnefUTiM,,
Conscientiousness,Adrenaline Activities,,Familiarity,SnoWalk by i-City,ChIJdflQRONSzDERGjzEpdYig8I,,
Conscientiousness,Wild Nature Activities,,Familiarity,Langkawi Sky Glide,ChIJg_eQd893TDAR-OAfacybd3I,,
Conscientiousness,"Party, Music & Nightlife",,Familiarity,SIX by Saro,ChIJowFffiw2zDERgfbau7ZPfFA,,
Conscientiousness,"Museums, BoatTrips & Viewpoints",,Familiarity,River Cruise Crystal boat Terengganu,ChIJZyOmu_K_tzERuHXx-NWDv-E,,
Conscientiousness,Sports & Games,,Familiarity,Putrajaya Lake,ChIJPyRf2xO2zTERa_xB1-mJuL4,,
Conscientiousness,Natural Phenomena,,Familiarity,Tawau Hill Park (Table Waterfall),ChIJY8c1beyDFTIRJw-ckptpM3E,,
Conscientiousness,Adrenaline Activities,,Cultural & Learning Experiences,Kilim Geoforest Park,ChIJSV9bFcd8TDAR1VNW4V90W-Q,,
Conscientiousness,Wild Nature Activities,,Cultural & Learning Experiences,Pantai Kerachut Turtle Conservation and Information Centre,ChIJoXj6E8boSjARNvCi8Au3NQU,,
Conscientiousness,"Party, Music & Nightlife",,Cultural & Learning Experiences,Sutra Foundation,ChIJX32NUP03zDER7wIfjxmcF6Y,,
Conscientiousness,"Museums, BoatTrips & Viewpoints",,Cultural & Learning Experiences,"Petrosains, The Discovery Centre",ChIJiXsntdY3zDER0-B-9En1XOQ,,
Conscientiousness,Sports & Games,,Cultural & Learning Experiences,PETRONAS Sepang International Circuit,ChIJ195KjTm_zTERV9pKFH4XvLg,,
Conscientiousness,Natural Phenomena,,Cultural & Learning Experiences,Sungai Lembing Mines,ChIJsfb-GqjDyDERLYamUERPs8Q,,
Conscientiousness,Adrenaline Activities,,Familiarity,Dive Redang @ Redang Pelangi Resort,ChIJCaKbOAkRtzERo7-9TuQ4zlY,,
Conscientiousness,Wild Nature Activities,,Familiarity,Borneo Rainforest Lodge,ChIJq-M9m2dXPjIR3aBPu9sJDD8,,
Conscientiousness,"Party, Music & Nightlife",,Familiarity,Sunset Cruise Langkawi,ChIJwWcotfJ_TDARFwYwy1htQr4,,
Conscientiousness,"Museums, BoatTrips & Viewpoints",,Familiarity,Clan Jetties of Penang,ChIJESJTC43DSjARiVDKy9hsY74,,
Conscientiousness,Sports & Games,,Familiarity,Malaysia Shooting Club,ChIJMbDwrJtNzDEReuW-5efM3Co,,
Conscientiousness,Natural Phenomena,,Familiarity,Lata Cermin Waterfall,ChIJq92pgN4ByzER89LKLozuy3U,,
Conscientiousness,Adrenaline Activities,,Cultural & Learning Experiences,Royal Belum Outdoor & Adventure,ChIJF8Fo4guqtTERfXjU3gh4pWs,,
Conscientiousness,Wild Nature Activities,,Cultural & Learning Experiences,Dark Cave Conservation Site,ChIJYSwMKw1HzDERHKK0Rjqn5Os,,
Conscientiousness,"Party, Music & Nightlife",,Cultural & Learning Experiences,Encore Melaka,ChIJP6c2vJfx0TERbHba4l-B_3w,,
Conscientiousness,"Museums, BoatTrips & Viewpoints",,Cultural & Learning Experiences,"The TOP Penang, Theme Park Penang",ChIJ-8pjzpXDSjARhqQbf7o4ang,,
Conscientiousness,Sports & Games,,Cultural & Learning Experiences,MAZE Escape Room Subang Jaya,ChIJfZbypo9NzDERId1QZiUp3-s,,
Conscientiousness,Natural Phenomena,,Cultural & Learning Experiences,Sivan Temple - Gua Charas Panching Kuantan,ChIJZQ4pQuzAyDER5iv_ilvfAOY,,
Conscientiousness,Adrenaline Activities,,Familiarity,FJ ATV JANDA BAIK,ChIJ2VDLow89zDERd567Rh8r1ag,,
Conscientiousness,Wild Nature Activities,,Familiarity,Pusat Pemuliharaan Orang Utan Sepilok,ChIJFan1kObYODIR0znaNak80wE,,
Conscientiousness,"Party, Music & Nightlife",,Familiarity,Sunset Dinner Cruise,ChIJGSlXEzuGSzARpnNAh1MAIIY,,
Conscientiousness,"Museums, BoatTrips & Viewpoints",,Familiarity,Terengganu State Museum,ChIJ87fwbL6-tzERh7qMNrpZS7Y,,
Conscientiousness,Sports & Games,,Familiarity,Morac Adventure Park,ChIJWzoh_N-HSzARZVqKCFEok2M,,
Conscientiousness,Natural Phenomena,,Familiarity,Paddy Gallery,ChIJNelHQJuazDERxnf45-Lfdhk,,
Conscientiousness,Adrenaline Activities,,Cultural & Learning Experiences,Kenong Eco Camp,ChIJV-4iTHl7yTER1Xkc7hZ8DVo,,
Conscientiousness,Wild Nature Activities,,Cultural & Learning Experiences,Sungai Chiling Fish Sanctuary,ChIJS3Ye2WULzDERDvf_io-ItFQ,,
Conscientiousness,"Party, Music & Nightlife",,Cultural & Learning Experiences,The Kuala Lumpur Performing Arts Centre (KLPAC),ChIJ5Y5MeRJIzDERWpu3eoo_h1Y,,
Conscientiousness,"Museums, BoatTrips & Viewpoints",,Cultural & Learning Experiences,Melaka River Cruise Jeti Taman Rempah,ChIJtSbDV9fx0TERouZVMfwjLVU,,
Conscientiousness,Sports & Games,,Cultural & Learning Experiences,VAR LIVE MY,ChIJlyZO6283zDERTidiNZOfMN8,,
Conscientiousness,Natural Phenomena,,Cultural & Learning Experiences,"Gua Niah (Niah Caves) Entrance, Niah, Sarawak.",ChIJ0bV8rwbCHjIR05Jis5-1dt8,,
Conscientiousness,Adrenaline Activities,,Familiarity,Tasik Kenyir House Boat,ChIJX_PSOQDNtzER6BwH8b_iBq0,,
Conscientiousness,Wild Nature Activities,,Familiarity,Tanjung Datu National Park,ChIJzf_i8Mq1-jERDq2GS4Gdmfs,,
Conscientiousness,"Party, Music & Nightlife",,Familiarity,Astor Bar,ChIJS3JWTcFJzDERhaLZ9CM87Ww,,
Conscientiousness,"Museums, BoatTrips & Viewpoints",,Familiarity,Kota Tinggi Firefly Park,ChIJaQHwMpxg2jERxv766lBVHf0,,
Conscientiousness,Sports & Games,,Familiarity,QQ Pro Snooker Training Centre,ChIJ52zEAsFv2jERog8Cnvf-rYU,,
Conscientiousness,Natural Phenomena,,Familiarity,Pantai Bukit Keluang,ChIJ_f0XPHTvtjERH9SCIsVt2ow,,
Conscientiousness,Adrenaline Activities,,Cultural & Learning Experiences,Genting Nature Adventures,ChIJe3R_svYVzDERAoRgRqg29S4,,
Conscientiousness,Wild Nature Activities,,Cultural & Learning Experiences,Sungai Dusun Wildlife Conservation Centre,ChIJF33lc_9_zDERs7NufBlSKQw,,
Conscientiousness,"Party, Music & Nightlife",,Cultural & Learning Experiences,Kwai Chai Hong,ChIJAY0UL3BJzDERgtnOxJhzC8k,,
Conscientiousness,"Museums, BoatTrips & Viewpoints",,Cultural & Learning Experiences,Borneo Cultural Museum,ChIJJQQqoDGn-zERTw2i1LGpqnk,,
Conscientiousness,Sports & Games,,Cultural & Learning Experiences,Boardgame Depot,ChIJZWdZbplJzDERPhtnRTfxsgU,,
Conscientiousness,Natural Phenomena,,Cultural & Learning Experiences,Langkawi Sky Bridge,ChIJw2-THMR2TDARwykmuG158jY,,
Agreeableness,Wild Nature Activities,,Previsibility & Safety,Putrajaya Wetlands Park,ChIJ56cztfG1zTER4_t69gGZALM,,
Agreeableness,"Party, Music & Nightlife",,Previsibility & Safety,Pisco Bar KL,ChIJNefEWSo2zDER0MKt6JERZ6A,,
Agreeableness,"Museums, BoatTrips & Viewpoints",,Previsibility & Safety,MELAKA RIVER CRUISE COUNTER TIKET,ChIJ-WPL3xbx0TERnvIHW7ZzXaI,,
Agreeableness,Theme & Animal Parks,,Previsibility & Safety,National Zoo of Malaysia,ChIJ4R-DCrY5zDERL3vbAscAyPI,,
Agreeableness,Cultural Heritage,,Previsibility & Safety,Sultan Abdul Samad Building,ChIJ_Y2Rm81JzDERKAawVfuGOd8,,
Agreeableness,Sports & Games,,Previsibility & Safety,Sultan Abdul Aziz Shah Golf & Country Club,ChIJoagkwI1NzDERh3Sw2a3Ybas,,
Agreeableness,Gastronomy Events,,Previsibility & Safety,Dewakan Restaurant,ChIJD5ydgbdNzDERVeakzTjfpk8,,
Agreeableness,Health & Well-being,,Previsibility & Safety,Luxe Beauty Retreat,ChIJ14uNfpFLzDERME8LGpyki5M,,
Agreeableness,Natural Phenomena,,Previsibility & Safety,Kuala Selangor Fireflies,ChIJv4Dtf9eKzDER7fLIGZU4Tb0,,
Agreeableness,Wild Nature Activities,,Uniqueness & Exoticness,Cameron Adventurous (Kuala Terla Tea Plantation),ChIJi8lunVpZyjER51L_2ucy3E4,,
Agreeableness,"Party, Music & Nightlife",,Uniqueness & Exoticness,Healy Mac's Irish Bar & Restaurant - Penang,ChIJZzvjkCPDSjARTfK85NRazFI,,
Agreeableness,"Museums, BoatTrips & Viewpoints",,Uniqueness & Exoticness,Upside Down House Melaka (Rumah Terbalik Melaka),ChIJec8sWubx0TERsxW6bl8L7g0,,
Agreeableness,Theme & Animal Parks,,Uniqueness & Exoticness,The Huskitory,ChIJ6fJuKGnw0TERvEpP2DjlU0E,,
Agreeableness,Cultural Heritage,,Uniqueness & Exoticness,Kellie's Castle,ChIJqXqBeF7vyjERuoLNbn1cvJM,,
Agreeableness,Sports & Games,,Uniqueness & Exoticness,Tanjung Minyak Petanque Club,ChIJaUEKuG370TERFOi22nnQ3lk,,
Agreeableness,Gastronomy Events,,Uniqueness & Exoticness,Sabah Tea Resort,ChIJc_4CJReROzIRKcvWuxkTkTU,, 
Agreeableness,Health & Well-being,,Uniqueness & Exoticness,Rimba Resort - Dive Centre & Spa,ChIJIfZ4MXzF2jERmqYJct3L4EI,,
Agreeableness,Natural Phenomena,,Uniqueness & Exoticness,Tasik Biru Bau,ChIJlbGd5KNz-zEReECBU6QB82E,,
Agreeableness,Wild Nature Activities,,Familiarity,Taman Negara Johor Tanjung Piai,ChIJPwYy4pmp0DERYKMsH1j5qZ4,,
Agreeableness,"Party, Music & Nightlife",,Familiarity,The Vault KL,ChIJHwi3VvtIzDERX5q7UKXK9Uw,,
Agreeableness,"Museums, BoatTrips & Viewpoints",,Familiarity,Baba & Nyonya Heritage Museum,ChIJfdXRW9zx0TER8SK9p2bE-kg,,
Agreeableness,Theme & Animal Parks,,Familiarity,Port Dickson Ornamental Fish Center,ChIJjQt6JBn3zTERZFDVBC09VpI,,
Agreeableness,Cultural Heritage,,Familiarity,Leong San Tong Khoo Kongsi,ChIJny-BJpLDSjARtmEDgFcyASw,,
Agreeableness,Sports & Games,,Familiarity,Cyberjaya Paintball Park,ChIJW_Lxfuu2zTERlizCbAw3I5g,,
Agreeableness,Gastronomy Events,,Familiarity,Jawi House Cafe Gallery,ChIJA0qphpHDSjARWgoT2acmVZI,,
Agreeableness,Health & Well-being,,Familiarity,Ozmosis Wellness Spa (Bangsar),ChIJj502pqJJzDERcSuiNDT3FKo,,
Agreeableness,Natural Phenomena,,Familiarity,Tuah Travel & Tours,ChIJ54fZMjHWyzERS-RjMzEogkQ,,
Agreeableness,Wild Nature Activities,,Previsibility & Safety,Hutan Lipur Bukit Pelindung,ChIJZ0AudTKlyDERMon_wCOkj24,,
Agreeableness,"Party, Music & Nightlife",,Previsibility & Safety,Mantra Rooftop Bar and Lounge,ChIJ4eLvE5hJzDERUnaWx1fxINw,,
Agreeableness,"Museums, BoatTrips & Viewpoints",,Previsibility & Safety,Pinang Peranakan Mansion,ChIJCWvz3I_DSjAR5hveCXjdfIs,,
Agreeableness,Theme & Animal Parks,,Previsibility & Safety,Farm In The City,ChIJyfiFd7O1zTER97yuR6os4aQ,,
Agreeableness,Cultural Heritage,,Previsibility & Safety,A Famosa,ChIJHWino-Dx0TERtWMOoXza5MI,,
Agreeableness,Sports & Games,,Previsibility & Safety,Perak Turf Club,ChIJEVXma1vsyjERhKmmvOyBDcA,,
Agreeableness,Gastronomy Events,,Previsibility & Safety,The Daily Fix Café,ChIJf7Vnb9zx0TERRWS4h6TIrpA,,
Agreeableness,Health & Well-being,,Previsibility & Safety,Cyberview Resort & Spa,ChIJVyjp68mKzTERmNb3PJ8YRn0,,
Agreeableness,Natural Phenomena,,Previsibility & Safety,Seven Wells Waterfall,ChIJ_6BX9dCHSzARjJbT_GzTo8k,,
Agreeableness,Wild Nature Activities,,Uniqueness & Exoticness,Tanjung Rhu Mangrove Tour,ChIJc8rO6X17TDAREuuiObRmwH4,,
Agreeableness,"Party, Music & Nightlife",,Uniqueness & Exoticness,Taps Beer Bar KL,ChIJN1Ri9io2zDER0CebPEzUAaM,,
Agreeableness,"Museums, BoatTrips & Viewpoints",,Uniqueness & Exoticness,Time Tunnel Museum,ChIJ9c4NvLZZyjERUwAtLYrmJGI,,
Agreeableness,Theme & Animal Parks,,Uniqueness & Exoticness,Desaru Fruit Farm,ChIJ56V0vytM2jER2eIkiC8T99w,,
Agreeableness,Cultural Heritage,,Uniqueness & Exoticness,Mah Meri Cultural Village,ChIJCTpP6USmzTERBwUVbiGiVaU,,
Agreeableness,Sports & Games,,Uniqueness & Exoticness,Pasir Gudang World Kite Festival,ChIJ2bHN45MV2jERCLW-hqeAFfg,,
Agreeableness,Gastronomy Events,,Uniqueness & Exoticness,The Gulai House,ChIJr2AdxxhxTDARjMEyyvn0Ooc,,
Agreeableness,Health & Well-being,,Uniqueness & Exoticness,Samadhi Spa,ChIJBXyhe8cZxTERial5MRmnZcI,,
Agreeableness,Natural Phenomena,,Uniqueness & Exoticness,"Silabur Cave, Tebakang, Serian (start/end hiking trail)",ChIJV2iY19Jl_DERecgM70OGwgI,,
Agreeableness,Wild Nature Activities,,Familiarity,Temenggor Lake,ChIJRTDAMsIAtTERqinlK1Ettfw,,
Agreeableness,"Party, Music & Nightlife",,Familiarity,Havana Bar & Grill KL,ChIJFVo9dio2zDER2DrObVUb5X0,,
Agreeableness,"Museums, BoatTrips & Viewpoints",,Familiarity,"Cheng Ho Cultural Museum, Malacca.",ChIJVVWFJdzx0TERMv7qo6qtDSQ,,
Agreeableness,Theme & Animal Parks,,Familiarity,Entopia by Penang Butterfly Farm,ChIJ83gcpVjoSjARH4vjVeRjzHg,,
Agreeableness,Cultural Heritage,,Familiarity,Victoria Bridge (Enggor Old Iron Railway Bridge),ChIJ66xDf46iyjERG-yVQtPN6pM,,
Agreeableness,Sports & Games,,Familiarity,Tiara Melaka Golf & Country Club,ChIJFxdV1bvl0TER8j4i470s9LU,,
Agreeableness,Gastronomy Events,,Familiarity,Village Park Restaurant,ChIJIfYLMzFJzDERPG9vHZ7DqiE,,
Agreeableness,Health & Well-being,,Familiarity,Tadom Hill Resorts,ChIJaYlITkW5zTERNzSgnDJfpEM,,
Agreeableness,Natural Phenomena,,Familiarity,SURVIVOR ISLAND Pulau Tiga,ChIJbydPOc9UIzIRCybkiovPimQ,,
Agreeableness,Wild Nature Activities,,Previsibility & Safety,Jeram Toi Jungle Eco Park,ChIJN9dSGuzZzTERisT0BuHYDXc,,
Agreeableness,"Party, Music & Nightlife",,Previsibility & Safety,The Iron Fairies KL,ChIJyw9PkDM2zDERGDNpLdh5VMU,,
Agreeableness,"Museums, BoatTrips & Viewpoints",,Previsibility & Safety,Borneo Cultures Museum,ChIJJQQqoDGn-zERTw2i1LGpqnk,,
Agreeableness,Theme & Animal Parks,,Previsibility & Safety,i-City Theme Park,ChIJ1ZQnouRSzDERpgZbrTmUvDk,,
Agreeableness,Cultural Heritage,,Previsibility & Safety,Seri Perdana Bridge,ChIJMzEi4RO2zTERndqHFncbrOI,,
Agreeableness,Sports & Games,,Previsibility & Safety,The Mines Resort & Golf Club,ChIJDeafOlI1zDERi4JkX806OOE,,
Agreeableness,Gastronomy Events,,Previsibility & Safety,Aunty Gaik Lean’s Old School Eatery,ChIJfZkTH4_DSjARqJ12xbnOYv4,,
Agreeableness,Health & Well-being,,Previsibility & Safety,AvaniSpa by Avani Sepang Goldcoast Resort,ChIJJbsrKKOTzTERm_N3b0hrdHs,,
Agreeableness,Natural Phenomena,,Previsibility & Safety,Sungai Klah Hot Spring Park,ChIJZ4-lbwO9yjERsf1ZQeYTZ8s,,
Agreeableness,Wild Nature Activities,,Uniqueness & Exoticness,Laguna redang Hiking Trail,ChIJrb6JKhsRtzERWhuXwsa5PrE,,
Agreeableness,"Party, Music & Nightlife",,Uniqueness & Exoticness,Helipad Kuala Lumpur,ChIJXTlxKys2zDERpbkAcBpAmLE,,
Agreeableness,"Museums, BoatTrips & Viewpoints",,Uniqueness & Exoticness,Kampung Budaya Sarawak,ChIJWS6-eJz_-jERUyRZ7Zr1P4s,,
Agreeableness,Theme & Animal Parks,,Uniqueness & Exoticness,Turtle Islands Park - Malaysia,ChIJm5kB7aH7ODIROwdFW_jgQ5A,,
Agreeableness,Cultural Heritage,,Uniqueness & Exoticness,Army Museum Port Dickson,ChIJ8wJvB47wzTERs9_UMUNoXBU,,
Agreeableness,Sports & Games,,Uniqueness & Exoticness,SOON COASTAL FISHING,ChIJ40RSdKBXRysRFuB6eYCn_M0,,
Agreeableness,Gastronomy Events,,Uniqueness & Exoticness,Nasi Dagang Atas Tol - Kg Atas Tol,ChIJ4_x5JYG_tzER8vDSglK6zCk,,
Agreeableness,Health & Well-being,,Uniqueness & Exoticness,Mulu Marriott Resort & Spa,ChIJXY6XbdP9GDIROLqM8A20OuQ,,
Agreeableness,Natural Phenomena,,Uniqueness & Exoticness,Turtle Islands Park,ChIJnTECDEX6ODIRfYg7BU7ZQSs,,
Agreeableness,Wild Nature Activities,,Familiarity,"Taman Alam Liar Negeri, Kenaboi",ChIJ3Y2-DA0pzDERyHuVHAWM7Yc,,
Agreeableness,"Party, Music & Nightlife",,Familiarity,Backyard Pub & Grill,ChIJ9ZG9S_tIzDERfc66LIu0Ik0,,
Agreeableness,"Museums, BoatTrips & Viewpoints",,Familiarity,Kuala Sepetang Eco Tourism,ChIJceUdPA2uyjERHaNvGr0kVMk,,
Agreeableness,Theme & Animal Parks,,Familiarity,The Bentong Farm Malaysia,ChIJFQi06hgPzDERcr8uGzf5pDA,,
Agreeableness,Cultural Heritage,,Familiarity,Fort Cornwallis,ChIJSYg_noXDSjAR3mSegGnJxdQ,,
Agreeableness,Sports & Games,,Familiarity,Ampang Superbowl @Berjaya Times Square,ChIJo9SSkCg2zDERyzP1k6cHM10,,
Agreeableness,Gastronomy Events,,Familiarity,Restaurant Ferringhi Garden,ChIJ8zCWDwnoSjARpjKaGF6wVoQ,,
Agreeableness,Health & Well-being,,Familiarity,AmanRimba Private Estate,ChIJbxhFO2s9zDERx5tF2YVhgUI,,
Agreeableness,Natural Phenomena,,Familiarity,Bukit Keluang Secret Beach,ChIJqwO7ayjvtjERrB4lSz39PDQ,,
Agreeableness,Wild Nature Activities,,Previsibility & Safety,Hutan Lipur Gunung Angsi,ChIJHeCjdtHfzTERqa-E1HsCs54,,
Agreeableness,"Party, Music & Nightlife",,Previsibility & Safety,Hard Rock Cafe Kuala Lumpur,ChIJnZQmESpIzDERLTWZWg5o61s,,
Agreeableness,"Museums, BoatTrips & Viewpoints",,Previsibility & Safety,Taming Sari Tower (Malacca Tower),ChIJOXdXEefx0TERIBvPIoH5sX8,,
Agreeableness,Theme & Animal Parks,,Previsibility & Safety,G2G Animal Garden,ChIJSc-CwJS1zTER0jx4OpVCbPE,,
Agreeableness,Cultural Heritage,,Previsibility & Safety,"Church of Saint Paul, Malacca",ChIJq2aiA97x0TER350dNHgCAnk,,
Agreeableness,Sports & Games,,Previsibility & Safety,Ice Dynasty Ice Skating Rink,ChIJ_zRNSilPzDERzBPIy76LUQI,,
Agreeableness,Gastronomy Events,,Previsibility & Safety,Lai Po Heen,ChIJm9LRBNQ3zDER_s7D8lhb6Ds,,
Agreeableness,Health & Well-being,,Previsibility & Safety,Lax. Retreat,ChIJZ28fnxM3zDERerKsTLR41I0,,
Agreeableness,Natural Phenomena,,Previsibility & Safety,Gua Kelam 2,ChIJRW56mdnrTDARDPC92TY7K5s,,
Neuroticism,"Party, Music & Nightlife",Self-development & Reliance,Cultural & Learning Experiences,Hikers Cafe House,ChIJjz4hvTQ1zDER_SkUJLzTAcs,,
Neuroticism,Theme & Animal Parks,Self-development & Reliance,Cultural & Learning Experiences,ArtScience Museum,ChIJnWdQKQQZ2jERScXuKeFHyIE,,
Neuroticism,Health & Well-being,Self-development & Reliance,Cultural & Learning Experiences,The Reef Hotel & Studios,ChIJq6qq6ssETDARsZ0yvzVxSqg,,
Neuroticism,"Party, Music & Nightlife",Connectedness & Recognition,Cultural & Learning Experiences,DBKL City Theatre,ChIJw9PsXc1JzDERR65ztHs4-o4,,
Neuroticism,Theme & Animal Parks,Connectedness & Recognition,Cultural & Learning Experiences,KL Forest Eco Park,ChIJkVJY7ipIzDEROZL711tzxPs,,
Neuroticism,Health & Well-being,Connectedness & Recognition,Cultural & Learning Experiences,Sukau Rainforest Lodge,ChIJuZAWq1lpOzIRneaBzWIjZpE,,
Neuroticism,"Party, Music & Nightlife",Novelty & Excitement,Cultural & Learning Experiences,32Mansion / Beach Blanket Babylon,ChIJEaaTe5nDSjARJOFpM22hJnM,,
Neuroticism,Theme & Animal Parks,Novelty & Excitement,Cultural & Learning Experiences,KidZania Kuala Lumpur,ChIJebTp9RxPzDERzQPNcVUbckY,,
Neuroticism,Health & Well-being,Novelty & Excitement,Cultural & Learning Experiences,Nanga Sumpa Lodge,ChIJ3Q-fOwXO-DERCJwIshbaeDI,,
Neuroticism,"Party, Music & Nightlife",Self-development & Reliance,Familiarity,Hard Rock Cafe Melaka,ChIJrzc7Jtzx0TERngkZpouZTYI,,
Neuroticism,Theme & Animal Parks,Self-development & Reliance,Familiarity,Sunway Lost World Theme Park : Hot Springs & Night Park,ChIJBW8z7TzsyjERwLEtNGskVvE,,
Neuroticism,Health & Well-being,Self-development & Reliance,Familiarity,"Philea Resort & Spa, Melaka, Malaysia",ChIJIwuzslrk0TER-EQ3PQVgx10,,
Neuroticism,"Party, Music & Nightlife",Connectedness & Recognition,Familiarity,Bobo KL,ChIJzwvhZ6RJzDER6_TVozNapwA,,
Neuroticism,Theme & Animal Parks,Connectedness & Recognition,Familiarity,theMINs @ Kota Damansara,ChIJrR2QPRJPzDERQU0ZV_TZzwg,,
Neuroticism,Health & Well-being,Connectedness & Recognition,Familiarity,Golden Palm Tree Sea Villas & Spa,ChIJK21Y5t6SzTERwymnoldSdik,,
Neuroticism,"Party, Music & Nightlife",Novelty & Excitement,Familiarity,Le Noir @ MBS,ChIJN_ApgQsZ2jERt0GKXxIitmE,,
Neuroticism,Theme & Animal Parks,Novelty & Excitement,Familiarity,LEGOLAND Malaysia,ChIJM-12PIwL2jERSzVEGdIIW4E,,
Neuroticism,Health & Well-being,Novelty & Excitement,Familiarity,Japamala Resort,ChIJ1TSqb64ZxTERkm6IYAbz2Bg,,
Neuroticism,"Party, Music & Nightlife",Self-development & Reliance,Cultural & Learning Experiences,The Bee @ Publika,ChIJXesc-l1IzDERGIrwiOMTh5A,,
Neuroticism,Theme & Animal Parks,Self-development & Reliance,Cultural & Learning Experiences,Batu Secret Zoo,ChIJ098_XaqBeC4RhBRogOt_5UU,,
Neuroticism,Health & Well-being,Self-development & Reliance,Cultural & Learning Experiences,Tanjung Lesung Beach Hotel,ChIJM9ArZ2fJQy4RSCiv-EOfzq8,,
Neuroticism,"Party, Music & Nightlife",Connectedness & Recognition,Cultural & Learning Experiences,Zepp Kuala Lumpur,ChIJEZ7CcZ43zDERktm7HMJZXPI,,
Neuroticism,Theme & Animal Parks,Connectedness & Recognition,Cultural & Learning Experiences,Taman Agroteknologi MARDI Langkawi,ChIJqUrCa0l_TDARKn__sDL4b1Y,,
Neuroticism,Health & Well-being,Connectedness & Recognition,Cultural & Learning Experiences,"The Spa at Shangri-La Rasa Ria, Kota Kinabalu",ChIJ0-jOI5kROzIRORMLV1mm7wo,,
Neuroticism,"Party, Music & Nightlife",Novelty & Excitement,Cultural & Learning Experiences,The Row KL,ChIJkQSK6C5IzDERmRRICBbi5zA,,
Neuroticism,Theme & Animal Parks,Novelty & Excitement,Cultural & Learning Experiences,Kuala Lumpur Butterfly Park,ChIJ8wfIRclJzDERbd5b45ki4WM,,
Neuroticism,Health & Well-being,Novelty & Excitement,Cultural & Learning Experiences,Permai Rainforest Resort,ChIJG_fFSXen-zERCYFIuy-YBSo,,
Neuroticism,"Party, Music & Nightlife",Self-development & Reliance,Familiarity,CEO Karaoke Box,ChIJYzhGDyw2zDER5mjbifARrMM,,
Neuroticism,Theme & Animal Parks,Self-development & Reliance,Familiarity,Taman Botani Putrajaya,ChIJXW0EGBi2zTERcH3wN1NChlY,,
Neuroticism,Health & Well-being,Self-development & Reliance,Familiarity,V Wellness,ChIJi3hIfo1JzDERFXc9BJBrYqE,,
Neuroticism,"Party, Music & Nightlife",Connectedness & Recognition,Familiarity,Cloud 9,ChIJPzCRMwEUzDERS0xgmiiWLxw,,
Neuroticism,Theme & Animal Parks,Connectedness & Recognition,Familiarity,Just Farm @ Just Pets Megastore (Kota Damansara),ChIJr5AqerJPzDERZR0kfGP-MR4,,
Neuroticism,Health & Well-being,Connectedness & Recognition,Familiarity,Sunway Resort Hotel,ChIJyxgKLIFMzDERRATBbpBivJY,,
Neuroticism,"Party, Music & Nightlife",Novelty & Excitement,Familiarity,Junk Cafe,ChIJX7jQ85DDSjARvWnQm18Nw6I,,
Neuroticism,Theme & Animal Parks,Novelty & Excitement,Familiarity,LEGOLAND Waterpark Malaysia,ChIJoUtF3YsL2jERG_6MZMmKYl0,,
Neuroticism,Health & Well-being,Novelty & Excitement,Familiarity,The Shorea,ChIJRY-2MsrezTERyzgZckutE_M,,
Neuroticism,"Party, Music & Nightlife",Self-development & Reliance,Cultural & Learning Experiences,The Social - Publika,ChIJ-YjZE15IzDERDsatf6L8gvU,,
Neuroticism,Theme & Animal Parks,Self-development & Reliance,Cultural & Learning Experiences,SEA LIFE - Malaysia,ChIJrZXUo1oL2jERaTOXrgKNxkE,,
Neuroticism,Health & Well-being,Self-development & Reliance,Cultural & Learning Experiences,Pangkor Laut Resort,ChIJXT3kkTbSNDARz1eQzbp0BiQ,,
Neuroticism,"Party, Music & Nightlife",Connectedness & Recognition,Cultural & Learning Experiences,Merdekarya,ChIJLY9Su7NLzDERF4RiM1MR8XE,,
Neuroticism,Theme & Animal Parks,Connectedness & Recognition,Cultural & Learning Experiences,Malaysia Heritage Studios,ChIJQX8JdKnl0TERrH-_MJ4dnNI,,
Neuroticism,Health & Well-being,Connectedness & Recognition,Cultural & Learning Experiences,Berjaya Tioman Resort - Malaysia,ChIJl3VvygEbxTERrs39UXxrtYI,,
Neuroticism,"Party, Music & Nightlife",Novelty & Excitement,Cultural & Learning Experiences,ChinaHouse,ChIJ07b4-I3DSjARBD9a0GUmXwo,,
Neuroticism,Theme & Animal Parks,Novelty & Excitement,Cultural & Learning Experiences,Cameron Lavender Garden,ChIJKSPJOWRZyjERJVRW_xkqEuU,,
Neuroticism,Health & Well-being,Novelty & Excitement,Cultural & Learning Experiences,Hot Springs Recreation Center Labis,ChIJcc8acGTZzzERacR5SG9oP5o,,
Neuroticism,"Party, Music & Nightlife",Self-development & Reliance,Familiarity,Vivae Board Game Cafe,ChIJabEJF6xJzDERMsE2krtywjA,,
Neuroticism,Theme & Animal Parks,Self-development & Reliance,Familiarity,Berjaya Times Square Theme Park,ChIJE5JTkCg2zDERhiN5NLiq2R8,,
Neuroticism,Health & Well-being,Self-development & Reliance,Familiarity,Avillion Port Dickson,ChIJm3aGrA3xzTER9yDTqX1QOHo,,
Neuroticism,"Party, Music & Nightlife",Connectedness & Recognition,Familiarity,kyō kuala lumpur,ChIJR9ghD9Q3zDERasRNF5iNCPc,,
Neuroticism,Theme & Animal Parks,Connectedness & Recognition,Familiarity,Tree Top Walk Sungai Sedim,ChIJVVVVFaExtTER4Kw9dR4IboA,,
Neuroticism,Health & Well-being,Connectedness & Recognition,Familiarity,Sembunyi Men Spa,ChIJqx19sSVLzDERh4c26Gf1Awk,,
Neuroticism,"Party, Music & Nightlife",Novelty & Excitement,Familiarity,GRAVITY BISTRO CAFE,ChIJJRpmtRQ3zDERZzsuItc5UQQ,,
Neuroticism,Theme & Animal Parks,Novelty & Excitement,Familiarity,Underwater World Langkawi,ChIJwWqJftmHSzAREAOCfNyMmHA,,
Neuroticism,Health & Well-being,Novelty & Excitement,Familiarity,Ambong Pool Villas,ChIJb-RpRy6GSzARmsjQOhCALfU,,
Neuroticism,"Party, Music & Nightlife",Self-development & Reliance,Cultural & Learning Experiences,The Attic Bar,ChIJpzPLhNpJzDERJKk5dhSQUvI,,
Neuroticism,Theme & Animal Parks,Self-development & Reliance,Cultural & Learning Experiences,A'Famosa Safari Wonderland,ChIJAYiIovYCzjERLw8OfvzQ5hk,,
Neuroticism,Health & Well-being,Self-development & Reliance,Cultural & Learning Experiences,"The Ritz-Carlton, Langkawi",ChIJv8aoBgp3TDARCZ9sx0yWxoY,,
Neuroticism,"Party, Music & Nightlife",Connectedness & Recognition,Cultural & Learning Experiences,Bar Trigona,ChIJ1Xns2Zw3zDERT_IUhj_v3y4,,
Neuroticism,Theme & Animal Parks,Connectedness & Recognition,Cultural & Learning Experiences,Skatepark@National Stadium Bukit Jalil,ChIJoTUH6pZKzDERzf0_95r5pWQ,,
Neuroticism,Health & Well-being,Connectedness & Recognition,Cultural & Learning Experiences,The Taaras Beach & Spa Resort,ChIJHdvpFF4QtzER_A6LGn_jX84,,
Neuroticism,"Party, Music & Nightlife",Novelty & Excitement,Cultural & Learning Experiences,Good Friends Club,ChIJ8VRWXpPDSjAR0MNumDPAno0,,
Neuroticism,Theme & Animal Parks,Novelty & Excitement,Cultural & Learning Experiences,KL Bird Park,ChIJu8zWwchJzDERhcsx4AhQ1oo,,
Neuroticism,Health & Well-being,Novelty & Excitement,Cultural & Learning Experiences,Tanjong Jara Resort,ChIJawaVEEYEyDERywmACFYHHug,,
Neuroticism,"Party, Music & Nightlife",Self-development & Reliance,Familiarity,Grand Millennium Hotel Kuala Lumpur,ChIJaw6wMig2zDERzjLmy27ZFJU,,
Neuroticism,Theme & Animal Parks,Self-development & Reliance,Familiarity,Butterfly Wonderland In The Sky (Rooftop Level 4@Sunflower World Hotel,ChIJw9BrgFT1zDERdlu54hsbo1E,,
Neuroticism,Health & Well-being,Self-development & Reliance,Familiarity,Luxxo Wellness,ChIJtz4eXtZLzDER_8MUF3WJkzc,,
Neuroticism,"Party, Music & Nightlife",Connectedness & Recognition,Familiarity,The Yard 28 Restaurant & Bar,ChIJL2Y8G5itzTER-JuJjWaGMx4,,
Neuroticism,Theme & Animal Parks,Connectedness & Recognition,Familiarity,Uptown Mines Wonderland,ChIJWymwLazKzTERvSXEUrvxwmg,,
Neuroticism,Health & Well-being,Connectedness & Recognition,Familiarity,The Dusun,ChIJ97DjdjLZzTERzre6JrfXDDU,,
Neuroticism,"Party, Music & Nightlife",Novelty & Excitement,Familiarity,Aruku The Walk,ChIJ3x2X5iNt2jERxFsypFPmLeM,,
Neuroticism,Theme & Animal Parks,Novelty & Excitement,Familiarity,Ripley's Believe It or Not!,ChIJpx8w2AYUzDERELej0rPhb4c,,
Neuroticism,Health & Well-being,Novelty & Excitement,Familiarity,Tiarasa Escapes Glamping Resort Janda Baik,ChIJvRD-si09zDER5TqSOafmFDs,,
Neuroticism,"Party, Music & Nightlife",Self-development & Reliance,Cultural & Learning Experiences,Pisco Bar,ChIJNefEWSo2zDER0MKt6JERZ6A,,
Neuroticism,Theme & Animal Parks,Self-development & Reliance,Cultural & Learning Experiences,ZooMania De' Butterfly Farm Cameron Highlands,ChIJjXKR3xhZyjERQgElYMbb8TI,,
Neuroticism,Health & Well-being,Self-development & Reliance,Cultural & Learning Experiences,Mutiara Taman Negara,ChIJRedOlNGYyTERHnqlFX2KwYU,,
Neuroticism,"Party, Music & Nightlife",Connectedness & Recognition,Cultural & Learning Experiences,REXKL,ChIJ3e1uC49JzDERC9qoEgThcHM,,
Neuroticism,Theme & Animal Parks,Connectedness & Recognition,Cultural & Learning Experiences,Titiwangsa Splash Park,ChIJy268uws3zDER-H4PvzipTgc,,
Neuroticism,Health & Well-being,Connectedness & Recognition,Cultural & Learning Experiences,Poring Hot Spring,ChIJg8qAduK9OzIR6pY28dcSEm4,,
Neuroticism,"Party, Music & Nightlife",Novelty & Excitement,Cultural & Learning Experiences,ShuangXi,ChIJu0rAPdBJzDERumGgQc_ayrw,,
Neuroticism,Theme & Animal Parks,Novelty & Excitement,Cultural & Learning Experiences,Tropical Spice Garden | Events Venue | Cooking Classes | Spice Store,ChIJt0Sxll7oSjARG1NtQ92FCc8,,
Neuroticism,Health & Well-being,Novelty & Excitement,Cultural & Learning Experiences,"Four Seasons Resort Langkawi, Malaysia",ChIJgQyn3H17TDARGskJwGqZapE,,
Neuroticism,"Party, Music & Nightlife",Self-development & Reliance,Familiarity,Club Lounge Mandarin Oriental,ChIJI-GmjPU3zDERGQ8MVfWVF7o,,
Neuroticism,Theme & Animal Parks,Self-development & Reliance,Familiarity,National Botanic Gardens Shah Alam,ChIJVVVVVRpSzDER6HL4kTQP1uI,,
Neuroticism,Health & Well-being,Self-development & Reliance,Familiarity,Lush Green Resort,ChIJI3DPK4GRiDARHg8a862kZjU,,
Neuroticism,"Party, Music & Nightlife",Connectedness & Recognition,Familiarity,Skillet KL,ChIJH3dBsNU3zDERgTKw6354sgk,,
Neuroticism,Theme & Animal Parks,Connectedness & Recognition,Familiarity,Taman Tasik Titiwangsa,ChIJgw_35Us3zDERGSdDxaWqe_o,,
Neuroticism,Health & Well-being,Connectedness & Recognition,Familiarity,SASWA BEAUTY SPA,ChIJw_RVbwDpzTERL7dvPBqS8mw,,
Neuroticism,"Party, Music & Nightlife",Novelty & Excitement,Familiarity,Fire & Ice Club KL,ChIJ4_iVbSo2zDER3RqPBBiSOGM,,
Neuroticism,Theme & Animal Parks,Novelty & Excitement,Familiarity,Bukit Gambang Water Park,ChIJNXFAQDnMyDERoIxrRICFnyA,,
Neuroticism,Health & Well-being,Novelty & Excitement,Familiarity,Batu Batu Resort,ChIJ8UCvAIg2xTERn7nymr_yMXw,,
Openness,"Party, Music & Nightlife",Self-development & Reliance,Previsibility & Safety,M Skybar KLCC,ChIJpYJsin03zDERbnh7puzgZXc,,
Openness,"Sun, Water & Sand",Self-development & Reliance,Previsibility & Safety,Club Med Cherating - Malaysia,ChIJf3osgOCEyDERFohUIY5TdKw,,
Openness,Theme & Animal Parks,Self-development & Reliance,Previsibility & Safety,Taiping Zoo & Night Safari,ChIJ71vv90OuyjER4NO-ZIP7j_M,,
Openness,Sports & Games,Self-development & Reliance,Previsibility & Safety,Camp5 Climbing Gym,ChIJT_lbN9VOzDERrVe7Z-2nyG8,,
Openness,Gastronomy Events,Self-development & Reliance,Previsibility & Safety,"Heritage on a Plate - Food Tours in George Town, Penang",ChIJmx-vgqXDSjARTDCMsBKG7Pg,,
Openness,Health & Well-being,Self-development & Reliance,Previsibility & Safety,Aman Dusun Yoga and Farm Retreat,ChIJ9fguf3IxzDERx5ihJEgxlLg,,
Openness,"Party, Music & Nightlife",Connectedness & Recognition,Previsibility & Safety,CHAZE,ChIJObBesr9OzDERMYnhm9LCwLI,,
Openness,"Sun, Water & Sand",Connectedness & Recognition,Previsibility & Safety,The Danna Langkawi,ChIJr9j7_AJ3TDARwuPvNBjC_k0,,
Openness,Theme & Animal Parks,Connectedness & Recognition,Previsibility & Safety,Eagle Feeding Point (Mangrove Tour),ChIJMzygqUl9TDARLJTDvI_L9rw,,
Openness,Sports & Games,Connectedness & Recognition,Previsibility & Safety,Wangsa Bowl @ One Utama,ChIJT_lbN9VOzDERaTCXwVvfhlY,,
Openness,Gastronomy Events,Connectedness & Recognition,Previsibility & Safety,Jonker Street Night Market - Street Food,ChIJE203tSzx0TER3_rM1Gvq25U,,
Openness,Health & Well-being,Connectedness & Recognition,Previsibility & Safety,Spa Village Tanjong Jara,ChIJawaVEEYEyDERhTyoLubb2KY,,
Openness,"Party, Music & Nightlife",Novelty & Excitement,Previsibility & Safety,Changkat Bukit Bintang,El9DaGFuZ2thdCBCdWtpdCBCaW50YW5nLCBCdWtpdCBCaW50YW5nLCBLdWFsYSBMdW1wdXIsIFdpbGF5YWggUGVyc2VrdXR1YW4gS3VhbGEgTHVtcHVyLCBNYWxheXNpYSIuKiwKFAoSCR1WFSMqNswxEcvst5werx8rEhQKEgnZLQcDKjbMMRGD3gnLW7ufvw,,
Openness,"Sun, Water & Sand",Novelty & Excitement,Previsibility & Safety,"Pelangi Beach Resort & Spa, Langkawi",ChIJ9crYOQqISzARz-_OkgQOIAw,,
Openness,Theme & Animal Parks,Novelty & Excitement,Previsibility & Safety,Melaka Bird Park,ChIJpcEjdAHl0TER9N4HoLXln8k,,
Openness,Sports & Games,Novelty & Excitement,Previsibility & Safety,Blastacars Malaysia (Kuala Lumpur),ChIJt1Rb7OzKzTERIA3Of4KEouQ,,
Openness,Gastronomy Events,Novelty & Excitement,Previsibility & Safety,Benns Ethicoa Bean To Bar Chocolate Factory,ChIJAa3N0LnLzTERDdGWiPqOgGE,,
Openness,Health & Well-being,Novelty & Excitement,Previsibility & Safety,Joya Onsen Cafe オンセンカフェ 徐屋,ChIJdcksy8IP2jERSAKTW47KSsc,,
Openness,"Party, Music & Nightlife",Bond & Relax,Previsibility & Safety,Sands at Tanjung Rhu Resort,ChIJu7JN85p8TDAROgZwAnekI9U,,
Openness,"Sun, Water & Sand",Bond & Relax,Previsibility & Safety,Sutera Harbour Resort,ChIJUSNti8FpOzIR8xbhXgCmI1I,,
Openness,Theme & Animal Parks,Bond & Relax,Previsibility & Safety,Giant Panda Conservation Centre,ChIJLVFYg7Y5zDERkapEy29y8j4,,
Openness,Sports & Games,Bond & Relax,Previsibility & Safety,CycleDios Taman Botani Putrajaya,ChIJxxTROUO3zTERXez7QJDyRSA,,
Openness,Gastronomy Events,Bond & Relax,Previsibility & Safety,Boh Tea Centre Habu,ChIJn-kWV15WyjERov6EoyrU9M4,,
Openness,Health & Well-being,Bond & Relax,Previsibility & Safety,The Culvert Hotel Resort Kuching,ChIJOfo4hDGm-zERLzR086AthoY,,
Openness,"Party, Music & Nightlife",Nature enjoyment,Previsibility & Safety,Jungle Bar,ChIJiY8SGYhXyjERqAfAEqsjv1k,,
Openness,"Sun, Water & Sand",Nature enjoyment,Previsibility & Safety,Pantai Cenang,ChIJG4L3oguISzARA2GH9QhW8MM,,
Openness,Theme & Animal Parks,Nature enjoyment,Previsibility & Safety,"Deerland Park, Lanchang",ChIJhdYiTZeozjERs3wn-VAJ9EE,,
Openness,Sports & Games,Nature enjoyment,Previsibility & Safety,Bukit Kiara Downhill Mountain Bike Trail,ChIJU_D9DSBJzDERrdI64CR697M,,
Openness,Gastronomy Events,Nature enjoyment,Previsibility & Safety,Bro Honey Bee & Kelulut Farm,ChIJTYs7x-TPzTERZuvV2cm5f4A,,
Openness,Health & Well-being,Nature enjoyment,Previsibility & Safety,Enderong Resort Malaysia,ChIJFTWd-us9zDERBiJX7zbDTFk,,
Openness,"Party, Music & Nightlife",Self-development & Reliance,Cultural & Learning Experiences,"Cheong Fatt Tze, The Blue Mansion",ChIJJZ1Pb5rDSjAR0FgEYqphTw0,,
Openness,"Sun, Water & Sand",Self-development & Reliance,Cultural & Learning Experiences,Teluk Cempedak,ChIJtVjKDUWlyDER0yFIBi4ewPM,,
Openness,Theme & Animal Parks,Self-development & Reliance,Cultural & Learning Experiences,Rainforest Discovery Centre (RDC),ChIJSyY5-L7YODIR3307z3IbGoM,,
Openness,Sports & Games,Self-development & Reliance,Cultural & Learning Experiences,PointBreakCherating SurfSchool,ChIJ0_s8xVeFyDERLKffJra-G7I,,
Openness,Gastronomy Events,Self-development & Reliance,Cultural & Learning Experiences,BA&NYA Heritage,ChIJReyZqI_x0TERW-Mtu-BZCxQ,,
Openness,Health & Well-being,Self-development & Reliance,Cultural & Learning Experiences,Kerala Ayurvedic Lifestyle,ChIJN1oFf5NJzDERLXBUBMPfvjA,,
Openness,"Party, Music & Nightlife",Connectedness & Recognition,Cultural & Learning Experiences,Concubine KL,ChIJjS6_d4ZJzDERCPGCTmi4_Ro,,
Openness,"Sun, Water & Sand",Connectedness & Recognition,Cultural & Learning Experiences,Pantai Tanjung Leman,ChIJLaVTleHD2jERfAaKLfTjBcA,,
Openness,Theme & Animal Parks,Connectedness & Recognition,Cultural & Learning Experiences,Bukit Gambang Resort City,ChIJlxvcnE_MyDERA7V60ptKK30,,
Openness,Sports & Games,Connectedness & Recognition,Cultural & Learning Experiences,WINDLAB Indoor Skydiving,ChIJq6qqUytJzDERSVJunEhC3jc,,
Openness,Gastronomy Events,Connectedness & Recognition,Cultural & Learning Experiences,Hin Bus Depot Artwork Sunday Popup Market,ChIJO4PHlB3DSjAR9GCd4s_v_4k,,
Openness,Health & Well-being,Connectedness & Recognition,Cultural & Learning Experiences,Kolam Air Panas Bentong,ChIJWy3nmeEZzDERd0P-Rh0Lnc0,,
Openness,"Party, Music & Nightlife",Novelty & Excitement,Cultural & Learning Experiences,Live Fact,ChIJTeBUu0VPzDERbgu4Gd8e96Y,,
Openness,"Sun, Water & Sand",Novelty & Excitement,Cultural & Learning Experiences,Pantai Batu Luang,ChIJJQXgrQNJIzIRt1MtbBqvpUw,,
Openness,Theme & Animal Parks,Novelty & Excitement,Cultural & Learning Experiences,The Habitat Penang Hill,ChIJcVQ4gnvCSjARG4IcsNb4dCk,,
Openness,Sports & Games,Novelty & Excitement,Cultural & Learning Experiences,X Park Sunway Serene (Indoor Go Kart Track),ChIJYb3ibtNNzDERqStJlY_zul8,,
Openness,Gastronomy Events,Novelty & Excitement,Cultural & Learning Experiences,Sarawak-style Cooking Class by Indah,ChIJV6eJnO6n-zERbGWOQ5gXGGw,,
Openness,Health & Well-being,Novelty & Excitement,Cultural & Learning Experiences,Ambong Rainforest Retreat,ChIJw2QcEDKGSzARsGlZBACJmws,,
Openness,"Party, Music & Nightlife",Bond & Relax,Cultural & Learning Experiences,Alto Sky Lounge,ChIJCzCHCOHx0TERJnJGun6iaSI,,
Openness,"Sun, Water & Sand",Bond & Relax,Cultural & Learning Experiences,Pantai Cahaya Bulan,ChIJGxhuCBaytjERQdTJ-obVwf8,,
Openness,Theme & Animal Parks,Bond & Relax,Cultural & Learning Experiences,Melaka Butterfly & Reptile Sanctuary (Taman Rama-rama dan Reptilia Melaka),ChIJu6t6KUXk0TERAvI--tUUSQU,,
Openness,Sports & Games,Bond & Relax,Cultural & Learning Experiences,Madmonkeyz Climbing Gym,ChIJDSGl4js4zDERlHp0w0mnU48,,
Openness,Gastronomy Events,Bond & Relax,Cultural & Learning Experiences,OpenHouse,ChIJN9bbs4I3zDER8FK6zNi9Ueo,,
Openness,Health & Well-being,Bond & Relax,Cultural & Learning Experiences,Duyong Marina & Resort,ChIJz4mvJ4G-tzERbI2FU3zV2GU,,
Openness,"Party, Music & Nightlife",Nature enjoyment,Cultural & Learning Experiences,ROOFDECK AT LAKE CITY,ChIJbbaMjLZHzDERdHSBeQSsjLk,,
Openness,"Sun, Water & Sand",Nature enjoyment,Cultural & Learning Experiences,"Tanjung Rhu, Bako National Park",ChIJqY-K3BlT-jEReZH14Iregys,,
Openness,Theme & Animal Parks,Nature enjoyment,Cultural & Learning Experiences,Taiping Lake Gardens,ChIJoWZRRfiuyjERbfWNdXK5PuI,,
Openness,Sports & Games,Nature enjoyment,Cultural & Learning Experiences,Klebang Beach,ChIJ7UpjsOTw0TERssBjbKPDIrM,,
Openness,Gastronomy Events,Nature enjoyment,Cultural & Learning Experiences,Desa Dairy Farm,ChIJTZP0gaeZOzIRcyIpnvxt_50,,
Openness,Health & Well-being,Nature enjoyment,Cultural & Learning Experiences,Fig Tree Hill Resort,ChIJix0plhrASjAR_yl33U09gAc,,
Openness,"Party, Music & Nightlife",Self-development & Reliance,Uniqueness & Exoticness,ChillOut Cafe & Bar,ChIJBfVDGrRpOzIREbVppiuQJCk,,
Openness,"Sun, Water & Sand",Self-development & Reliance,Uniqueness & Exoticness,ALANGS RAWA RESORT,ChIJH72w3xM3xTERlEuJ2D1reZ0,,
Openness,Theme & Animal Parks,Self-development & Reliance,Uniqueness & Exoticness,Labuk Bay Proboscis Monkey Sanctuary - Platform A,ChIJV9lQ75AjOTIRMxnX7kPFSxc,,
Openness,Sports & Games,Self-development & Reliance,Uniqueness & Exoticness,Waterski Wakeboard Wakesurf Putrajaya,ChIJT0w6oXO3zTERaicTer0mLlU,,
Openness,Gastronomy Events,Self-development & Reliance,Uniqueness & Exoticness,Superfruits Valley,ChIJdT8YBR6_TDARL0Pwzw-GefI,,
Openness,Health & Well-being,Self-development & Reliance,Uniqueness & Exoticness,Mahkota Executive SPA,ChIJ6zVw2-Hx0TERTN_f-6zmu4s,,
Openness,"Party, Music & Nightlife",Connectedness & Recognition,Uniqueness & Exoticness,Suzie Wong - Dinner and Show,ChIJkxdTEyw2zDERNUtzSIepFck,,
Openness,"Sun, Water & Sand",Connectedness & Recognition,Uniqueness & Exoticness,Mataking Reef Resort @ MATAKING ISLAND,ChIJizjpmWEbQDIRwF2C7V0I9oc,,
Openness,Theme & Animal Parks,Connectedness & Recognition,Uniqueness & Exoticness,"FARM FRESH @ UPM (Industry Centre of Excellence, ICoE)",ChIJdaXgpN7LzTERnA6vFvS1Av8,,
Openness,Sports & Games,Connectedness & Recognition,Uniqueness & Exoticness,Jump Street Asia (Kuala Lumpur),ChIJZTE6wl5JzDER4AC0z-Aiw00,,
Openness,Gastronomy Events,Connectedness & Recognition,Uniqueness & Exoticness,Food Tour Penang,ChIJxUBRPpTDSjARj5oISJ75gr4,,
Openness,Health & Well-being,Connectedness & Recognition,Uniqueness & Exoticness,Holistic Arogya Sdn Bhd - Ayurvedic Treatment Centre,ChIJL1ZVKW1IzDERQ9scLk-gJyI,,
Openness,"Party, Music & Nightlife",Novelty & Excitement,Uniqueness & Exoticness,Cielo Rooftop - Dining and Lounge,ChIJR0k-htVJzDER8WHNjpPAUFw,,
Openness,"Sun, Water & Sand",Novelty & Excitement,Uniqueness & Exoticness,Mantanani Islands,ChIJnz8Lm4OLOjIRe0d3jca3Mhk,,
Openness,Theme & Animal Parks,Novelty & Excitement,Uniqueness & Exoticness,Semenggoh Wildlife Centre,ChIJYS7oo2R1-zERbLMHEKPgYGo,,
Openness,Sports & Games,Novelty & Excitement,Uniqueness & Exoticness,Escape Petaling Jaya,ChIJz8OVQ_RNzDERnO4PkRIYiSg,,
Openness,Gastronomy Events,Novelty & Excitement,Uniqueness & Exoticness,OLDTOWN White Coffee @ Heritage Centre (Earthcare Cafe),ChIJeWxYSQDtyjER-0HBVhYkVlY,,
Openness,Health & Well-being,Novelty & Excitement,Uniqueness & Exoticness,Pusat Rekreasi Air Panas Ulu Legong,ChIJYf3bAh7DtDERNuHF0Ed5MRQ,,
Openness,"Party, Music & Nightlife",Bond & Relax,Uniqueness & Exoticness,7 Sky Bar & Lounge,ChIJIcg_fiDtyjERa78y986VLUw,,
Openness,"Sun, Water & Sand",Bond & Relax,Uniqueness & Exoticness,Gem Island Resort and Spa,ChIJ8ylZVl7rtzERkVfWWUnNS_s,,
Openness,Theme & Animal Parks,Bond & Relax,Uniqueness & Exoticness,Langkawi Nature Park,ChIJ4wggdHx-TDARSzMnMMqQq68,,
Openness,Sports & Games,Bond & Relax,Uniqueness & Exoticness,Air Kuning Dam,ChIJP0gXHxtSzDERyRXTL9q2MDY,,
Openness,Gastronomy Events,Bond & Relax,Uniqueness & Exoticness,Durian Jungle,ChIJoWC55TQHzDERep9_0_6y59M,,
Openness,Health & Well-being,Bond & Relax,Uniqueness & Exoticness,Thann Sanctuary Spa Gaysorn,ChIJBQ86B9Ce4jARyRrwNPQU5nk,,
Openness,"Party, Music & Nightlife",Nature enjoyment,Uniqueness & Exoticness,Tamarind Springs,ChIJKSawWCk2zDER-npYWs3JQvg,,
Openness,"Sun, Water & Sand",Nature enjoyment,Uniqueness & Exoticness,Tusan Cliff Sarawak,ChIJ8XwJmbojHzIRARyeTXaFay4,,
Openness,Theme & Animal Parks,Nature enjoyment,Uniqueness & Exoticness,Ladang Tenusu Desa Cattle,ChIJObrK0L2ZOzIRn1HyX8NJ6-Y,,
Openness,Sports & Games,Nature enjoyment,Uniqueness & Exoticness,SKYTREX Adventure Sg Congkak,ChIJGy41J9I7zDERwtdfWl53_Gg,,
Openness,Gastronomy Events,Nature enjoyment,Uniqueness & Exoticness,Sarang Cookery,ChIJDQFNx9dJzDERKIbtae-Hc_4,,
Openness,Health & Well-being,Nature enjoyment,Uniqueness & Exoticness,Serai Bamboo Hot Spring Cafe,ChIJVSKDznQ0zDERvCl0AVKWcvY,,
,,,,,,,
